epoch,val_error1,val_error5,val_loss,train_error1,train_error5,train_loss
1,0.98044,0.93492,6.208928351499597,0.9932803451852881,0.9735647265344799,6.046496391296387
2,0.9231,0.79628,5.22439430197891,0.9356531974363997,0.8219006577596831,5.034584999084473
3,0.87306,0.6987,4.752340594116522,0.8584798078626752,0.6786031797572057,4.485101222991943
4,0.83948,0.64428,4.41482324502906,0.7995436972697548,0.5897178119636237,3.9402964115142822
5,0.80906,0.59592,4.192673546927316,0.7570355777193761,0.5316465378830395,3.865906238555908
6,0.7754,0.5459,3.9266124209579156,0.7248492975544952,0.4917048284884016,3.790789842605591
7,0.73926,0.50492,3.698073980759601,0.7015556910223257,0.4642220725323084,3.3290488719940186
8,0.75288,0.51234,3.7111042859602947,0.6846039587344975,0.4452651371757156,3.270301342010498
9,0.70472,0.45633999999999997,3.4126428146751557,0.6722714525116553,0.43097269910948377,3.212242603302002
10,0.7401599999999999,0.49622,3.7122514685805963,0.6620674744198063,0.41997569403520385,3.2933425903320312
11,0.74028,0.5062,3.7191171159549636,0.6558301923168486,0.4132732110645997,3.3619725704193115
12,0.81402,0.61712,4.636216606412615,0.6504764796470718,0.4080959000661116,3.556387186050415
13,0.73592,0.49241999999999997,3.589686223438808,0.6471178230472686,0.4043852206620995,3.2447915077209473
14,0.75104,0.51936,3.9173723191631082,0.6445365826625257,0.40190232811179183,3.1603376865386963
15,0.79986,0.58754,4.16199128968375,0.6435093941695345,0.40018202154754223,3.3399529457092285
16,0.78288,0.55484,4.119385067297488,0.6421013029526985,0.39923522850651005,3.3816018104553223
17,0.82342,0.63164,4.458520592475424,0.6419787584288388,0.3984820089808745,3.705155849456787
18,0.778,0.55298,4.082225137827348,0.6428435949411747,0.39958647077235054,3.1887803077697754
19,0.78884,0.57004,4.049564381035006,0.6428841829363385,0.3988223237095554,2.978445529937744
20,0.82266,0.6238,4.690719020609953,0.6429825307707738,0.3996988682974194,3.1394095420837402
21,0.79806,0.58754,4.2796767098563055,0.6405815947491622,0.3962168866353879,3.2617714405059814
22,0.83636,0.64358,4.9431944525971705,0.6348836646588618,0.39108640793901184,3.2891526222229004
23,0.79538,0.57984,4.160875748614876,0.6298530948736581,0.38602383608069835,3.4635379314422607
24,0.70016,0.45436,3.3908490429119187,0.6246195851126356,0.3802447300000702,3.0265121459960938
25,0.72368,0.49088,3.599613705459906,0.6193197295902876,0.37495892416835586,3.1050188541412354
26,0.66874,0.41413999999999995,3.2005419658154857,0.6152804435331225,0.370560590461665,3.2510316371917725
27,0.7923,0.5867,4.331983867956668,0.6087309460827511,0.3651670703350929,3.0930299758911133
28,0.64932,0.39022,3.029000442855212,0.603689448760388,0.35998351502965653,3.1248395442962646
29,0.65198,0.39471999999999996,3.0640477452959334,0.5985979969824387,0.3544955497604918,2.9913134574890137
30,0.6712199999999999,0.41968000000000005,3.2070944771474723,0.5918502427864596,0.3482005078182626,2.7898776531219482
31,0.63342,0.37739999999999996,2.9577515611843186,0.5860773810127797,0.3428062071533219,2.411850690841675
32,0.60336,0.34741999999999995,2.7795602910372676,0.578780908343721,0.33609747987576954,2.7713229656219482
33,0.59104,0.33675999999999995,2.7168641771589006,0.5715148766710351,0.3295784234217709,3.041295051574707
34,0.5710200000000001,0.31788000000000005,2.600990969307569,0.5641817186986552,0.3235994995187981,2.898280143737793
35,0.5670999999999999,0.31586000000000003,2.596370495095545,0.5555762831855644,0.31510490045403916,2.534078598022461
36,0.5492,0.29423999999999995,2.458292678910859,0.5454558226991485,0.3066251316182824,3.0040202140808105
37,0.52982,0.28074,2.373744215284075,0.5345298466164052,0.29752717639464643,2.725709915161133
38,0.48478,0.24558000000000002,2.1413014932554595,0.5209836032304922,0.2859525729276511,2.700737953186035
39,0.46684000000000003,0.22818000000000005,2.0447850130042253,0.5045556121879505,0.2738979383640072,2.3216867446899414
40,0.44057999999999997,0.21126,1.9184052554928526,0.48666177008930145,0.25933075079205126,2.638368606567383
41,0.44618,0.21609999999999996,1.9581730025155204,0.47865656858161343,0.2533783651936087,2.2930426597595215
42,0.46374000000000004,0.22599999999999998,2.026443673639881,0.4875063126040555,0.2594970054645491,2.381024122238159
43,0.49034,0.25029999999999997,2.18221416035477,0.4976876550832171,0.26754747819761204,2.3774139881134033
44,0.5237,0.27412000000000003,2.342842595917838,0.5083521508125014,0.2761279364829097,2.23838472366333
45,0.5626599999999999,0.30748,2.54096875142078,0.518613888743622,0.2840176183120545,2.595839500427246
46,0.5440400000000001,0.2966,2.4693922923535716,0.5289809993544947,0.29228508071157,2.784061908721924
47,0.5608,0.30169999999999997,2.519185226790759,0.536846484494215,0.29899302745075385,3.160468101501465
48,0.5593,0.30486,2.5323588288560206,0.5436707314503105,0.30474247307337765,2.586426258087158
49,0.58876,0.3294,2.7012388097996616,0.5489620010506047,0.3086951193716354,2.915933609008789
50,0.58384,0.33128,2.7071519968461017,0.5531355397071576,0.31254629568198367,2.499760389328003
51,0.64064,0.38892000000000004,3.0415786212804368,0.5562038360338659,0.31550765825220284,2.844973087310791
52,0.63122,0.37495999999999996,2.9978983402252197,0.5588272254905098,0.31844794628647166,2.7748866081237793
53,0.68552,0.44442000000000004,3.401231432447628,0.5617846853688864,0.3206974578645875,2.6811676025390625
54,0.65366,0.40256000000000003,3.0986164881258595,0.5648522011572261,0.3228392551478457,2.8282511234283447
55,0.61652,0.36158,2.8869709919910043,0.5681850999908677,0.3264991995579031,2.834345579147339
56,0.64888,0.39383999999999997,3.127852330402452,0.56985076886932,0.3277090340291312,2.759793996810913
57,0.77172,0.56728,4.07360653974572,0.5724515227132763,0.32975794724653384,3.072631597518921
58,0.6292800000000001,0.3709,2.9322201086550344,0.574823578815252,0.3316983656307101,2.524033546447754
59,0.74976,0.52416,3.922269796838566,0.5766601855964133,0.3343436101616729,3.1324777603149414
60,0.60714,0.35185999999999995,2.8127451137620576,0.579848684831876,0.3367062998032263,2.9131052494049072
61,0.68502,0.42847999999999997,3.279485284065714,0.5780479828156673,0.33530757504681274,2.899869441986084
62,0.65292,0.39549999999999996,3.1059169866600813,0.5745293158503146,0.33205975489534156,2.721029758453369
63,0.66978,0.4202,3.264427202088492,0.5708763962855741,0.32882910658797804,3.0820212364196777
64,0.6168,0.35892,2.852848079739785,0.5674771516906071,0.32572412495794845,2.682377815246582
65,0.6373800000000001,0.38205999999999996,3.001750160236748,0.5644908118925949,0.3230898079641452,3.076612710952759
66,0.64796,0.39927999999999997,3.13029053259869,0.5606372939671409,0.3192550229595361,2.8121323585510254
67,0.6482600000000001,0.39646000000000003,3.1930746983508675,0.5568313888821677,0.31580036014040325,2.837092876434326
68,0.61154,0.35888,2.8633037635258267,0.5532658896147029,0.3126274716723113,2.7988951206207275
69,0.57804,0.32516,2.6399838413511003,0.5485928064022879,0.3091330013963831,2.653658390045166
70,0.56084,0.30735999999999997,2.548215856357497,0.5441484209318536,0.3046168063960436,2.553021192550659
71,0.5404,0.28835999999999995,2.431086537789325,0.538951596474152,0.3003332118295273,2.550645112991333
72,0.57872,0.3248,2.649312085034896,0.5337797492442438,0.29624475185514454,2.763911008834839
73,0.55074,0.29532,2.48192070211683,0.5277696038065296,0.2908566954971522,2.8059775829315186
74,0.5571999999999999,0.30438,2.532189096723284,0.5212926964244318,0.28632410919107343,2.3248796463012695
75,0.53902,0.28712000000000004,2.420085140636989,0.5152966006773512,0.280592615950926,2.711686611175537
76,0.49636,0.25371999999999995,2.210174847622307,0.5071368525726935,0.2741477106419382,2.4366302490234375
77,0.47424,0.23158,2.0774222588052553,0.49786795944634854,0.26685904335656474,2.4100446701049805
78,0.4766,0.23741999999999996,2.1040367642227484,0.4880191263121826,0.25884369485008585,2.6529362201690674
79,0.43742000000000003,0.20601999999999998,1.901024920599801,0.4772484773647776,0.2505169115345619,2.064422130584717
80,0.42574,0.19810000000000005,1.8504933921658262,0.46494797321504533,0.24180063957313913,2.503697633743286
81,0.42908,0.20128000000000001,1.873096514721306,0.4593530741893914,0.23736952325496985,2.2469482421875
82,0.43742000000000003,0.20562000000000002,1.9063743644831133,0.4650033914392113,0.2417249273513914,2.2545554637908936
83,0.44592,0.2118,1.9429235531359303,0.4711032987893069,0.24598354469011452,2.52718448638916
84,0.45594,0.21874000000000005,1.9934688587577976,0.4779931109683593,0.25136769835626427,2.2148420810699463
85,0.48118000000000005,0.23970000000000002,2.121745148483588,0.48469403286222634,0.2556278767717245,2.685059070587158
86,0.49036,0.24528000000000005,2.159308280263628,0.4922847684962226,0.2622515253671067,2.3983473777770996
87,0.50204,0.25651999999999997,2.2252721494557908,0.4986789388112557,0.26705808064054104,2.630526304244995
88,0.53662,0.28437999999999997,2.4057494572230746,0.5051527240398792,0.27178033777017363,2.519791603088379
89,0.5326,0.27814000000000005,2.37475902450328,0.5106773746123652,0.27693032992576294,2.6578269004821777
90,0.55106,0.29779999999999995,2.5099397824735057,0.5154550499661636,0.28139266777867367,2.626342296600342
91,0.5311,0.28215999999999997,2.40921536270453,0.5202522387791755,0.28429783158635835,2.5787229537963867
92,0.56872,0.31298000000000004,2.5775614417329127,0.5234625930889572,0.28675106367866177,2.5704665184020996
93,0.57066,0.31357999999999997,2.589474695069449,0.5269211585999327,0.28956178234375374,2.745590925216675
94,0.56182,0.30572,2.5449589077307255,0.529793539796139,0.29196974321068214,2.8257551193237305
95,0.57376,0.3155,2.6138628867207743,0.5318658691645977,0.293706441080671,2.548562526702881
96,0.60046,0.3477,2.8017650234455966,0.5339850308351682,0.29555631701409735,2.8319106101989746
97,0.60124,0.34362000000000004,2.804997198435725,0.5363071324815578,0.29757322815838994,2.504209280014038
98,0.60834,0.35236,2.8359756177785447,0.5381078344977666,0.2996478991419542,2.7669291496276855
99,0.55996,0.30708,2.5442787287186603,0.5401520644849578,0.3010926756621112,2.6391570568084717
100,0.62618,0.3739,2.9421613654311822,0.5415679610854791,0.3023555867423997,2.7170543670654297
101,0.57256,0.31386000000000003,2.6003361526800663,0.5404166669918911,0.3012331725684474,2.6703898906707764
102,0.55696,0.2983,2.517861329779333,0.536903463795118,0.29820390316016565,2.394587755203247
103,0.58746,0.3317,2.700723764847736,0.5333239148370197,0.2950450643827073,3.0977590084075928
104,0.57902,0.32884,2.669506754193987,0.5300745336088113,0.29260041821245786,2.590726613998413
105,0.53678,0.28364,2.4104717531982733,0.5266862165510039,0.28947123989300383,2.465367555618286
106,0.54768,0.29413999999999996,2.4657540175379538,0.5239316966484463,0.28724046123573277,2.5259180068969727
107,0.5643199999999999,0.31621999999999995,2.5825303379370244,0.5203701000728242,0.28479581506548324,2.594362735748291
108,0.52424,0.27298,2.334275333248839,0.5171293047666697,0.28160731583002063,2.908200740814209
109,0.55438,0.30257999999999996,2.529484593138403,0.5135700498061533,0.2788699677715708,2.448019504547119
110,0.52264,0.26952,2.3187675281446807,0.5096650163483761,0.2752443670497289,2.8186848163604736
111,0.57518,0.32846,2.6639687698714587,0.5058833079528273,0.2728184538003242,2.4215219020843506
112,0.51396,0.264,2.276946277034526,0.5013413551863262,0.2686464762205083,2.5167295932769775
113,0.50286,0.25836000000000003,2.2388774278212566,0.4968641871044134,0.2649709210430803,2.4333505630493164
114,0.50482,0.26171999999999995,2.2608038600610225,0.49162833572828524,0.26149206153452287,2.125641345977783
115,0.46306,0.22416000000000003,2.0200421347910043,0.48542305569843747,0.2565660838907028,2.1389808654785156
116,0.45116,0.21440000000000003,1.9631624732698714,0.47963458315738694,0.25187817044928573,2.6109893321990967
117,0.44304,0.20986000000000005,1.9298745515395184,0.4737961561607503,0.24753369389002366,2.102451801300049
118,0.43600000000000005,0.2047,1.8878862018487892,0.46607194846573474,0.24166170374354012,2.5007102489471436
119,0.42478000000000005,0.19610000000000005,1.8381469870100215,0.4584843349852127,0.23642897452088607,2.123422384262085
120,0.41686,0.19216,1.8038404024377162,0.4508717442768976,0.2307630465036955,2.6537790298461914
121,0.41864,0.19335999999999998,1.8153571559458364,0.4474202036112388,0.22836132994371539,2.1549253463745117
122,0.42222000000000004,0.19574000000000003,1.8318327482865782,0.4509154544255355,0.230421951236646,2.3646349906921387
123,0.4292,0.19954000000000005,1.859851711866807,0.4542436700289658,0.23289313571142556,2.419769763946533
124,0.43257999999999996,0.2037,1.8805946136007503,0.4583172997743463,0.23559145685144867,2.496105194091797
125,0.44772,0.21302,1.951230129417108,0.4629060848429596,0.23919051926876045,2.289511203765869
126,0.45824,0.22260000000000002,2.0083681442299666,0.4666308139376053,0.24194503917131804,2.1414685249328613
127,0.45002,0.21630000000000005,1.963395829103431,0.4707606424455204,0.24553161297473314,2.386173963546753
128,0.46494,0.22414,2.03666247397053,0.47580448138298914,0.24852809977153645,2.4422333240509033
129,0.48826,0.24184000000000005,2.1446663579162286,0.4806789434944859,0.25245576884200105,2.817746639251709
130,0.49151999999999996,0.24628000000000005,2.172225380430416,0.4848087720024009,0.2554335227179595,2.551595687866211
131,0.48124,0.23695999999999995,2.1080690889942404,0.4890931471072858,0.25851040496672173,2.4398961067199707
132,0.50702,0.25736000000000003,2.249511404913299,0.4924330707862441,0.2610947675049389,2.2998762130737305
133,0.51174,0.26344,2.276473502723538,0.4957729944652024,0.2646727553863002,2.3992114067077637
134,0.5219,0.27308,2.3353769414278926,0.49918784982754005,0.2669183642725733,2.5511627197265625
135,0.55836,0.31035999999999997,2.5567778032653186,0.5017823593645481,0.26907577232320223,2.402202606201172
136,0.5521199999999999,0.29722000000000004,2.4856951844935513,0.5050848172018167,0.27126752406204657,2.082092523574829
137,0.53694,0.28486,2.4251361404146468,0.5064843224965988,0.2725866339048696,2.3732011318206787
138,0.53244,0.28334000000000004,2.4045013140658944,0.5092958217000594,0.27443104606971613,3.2669308185577393
139,0.6259399999999999,0.38254,2.9966104127922835,0.5106016623906173,0.2763574147632588,2.2691681385040283
140,0.54518,0.29246000000000005,2.486177619622678,0.512060488601408,0.27718712704901083,2.7508249282836914
141,0.5780000000000001,0.32830000000000004,2.670097861971174,0.5111987742425461,0.2768031021716919,2.602510690689087
142,0.55076,0.30264,2.507475979474126,0.5079634427049713,0.2735591847120633,2.6449074745178223
143,0.51154,0.26227999999999996,2.280988226131517,0.504521268499735,0.2710630230094906,2.4978675842285156
144,0.5079199999999999,0.25848000000000004,2.250286778625177,0.5019977879542636,0.269287298221075,2.620203971862793
145,0.5579000000000001,0.30822000000000005,2.5471966655886904,0.4988061665653267,0.26641257540976315,3.0081074237823486
146,0.49628000000000005,0.25122,2.1920045857526818,0.49619214356910535,0.2643316601192507,2.828773021697998
147,0.48507999999999996,0.23819999999999997,2.1312267999259795,0.49300676648711683,0.26223435352299895,2.715240716934204
148,0.47194,0.23275999999999997,2.0732790669616388,0.4903256171912015,0.2591043946651763,2.5665526390075684
149,0.48754,0.24404000000000003,2.144858211887126,0.48647131872737903,0.2570593841396165,2.0732526779174805
150,0.47648,0.23334,2.08342301358982,0.4837277263619809,0.25560289954393145,2.451364278793335
151,0.46253999999999995,0.22433999999999998,2.0235026490931607,0.48095213192347286,0.2527188102721971,2.503180980682373
152,0.46928000000000003,0.22892,2.0631241506459763,0.47721647529166766,0.2497301288590793,2.4847304821014404
153,0.45626,0.21996000000000004,1.9947282854391604,0.473424619897328,0.2468803832755605,2.1994006633758545
154,0.43999999999999995,0.20801999999999998,1.9195765962406082,0.46956329658818874,0.2437878902594275,2.1348459720611572
155,0.43667999999999996,0.20518000000000003,1.900046124750254,0.4651103251957005,0.2406407595574972,2.0469563007354736
156,0.43188000000000004,0.20155999999999996,1.8803503975576283,0.4614175981741646,0.23756543838547195,2.0128488540649414
157,0.43126,0.20286000000000004,1.873618766969564,0.4563089745521076,0.2340576989572788,2.566688060760498
158,0.42023999999999995,0.19420000000000004,1.8171866560468868,0.45127059938321856,0.2309129098704541,2.2215054035186768
159,0.41586,0.19198000000000004,1.795279819138196,0.4459824519363986,0.22682132774259722,2.368704319000244
160,0.41222000000000003,0.18964000000000003,1.780631729534694,0.441613778687712,0.22350716182980046,2.0442497730255127
161,0.41364,0.1896,1.7881335117379014,0.4394563706370832,0.22180168549455304,2.3435680866241455
162,0.4144,0.19123999999999997,1.7956862242854372,0.4408410457028631,0.2230005924286217,2.126224994659424
163,0.41564,0.19289999999999996,1.8074252094541277,0.4436884496712763,0.22458508531674637,2.1787240505218506
164,0.41725999999999996,0.19333999999999996,1.8132635561787351,0.4458833235635947,0.22659809376919637,2.141871213912964
165,0.42442,0.19698000000000004,1.8398808861265377,0.44833889727100373,0.22819429473284902,2.1152877807617188
166,0.42542,0.19940000000000002,1.8533625079661,0.4511035641723522,0.2301198828880232,2.1179375648498535
167,0.4434,0.2097,1.9238556258532467,0.45264278583510187,0.23152329087464785,2.367917776107788
168,0.44577999999999995,0.21255999999999997,1.9437637085817299,0.456650069819157,0.2340132082702724,2.416727066040039
169,0.46904,0.23021999999999998,2.057348227014347,0.45873800995498637,0.235574285007341,2.2949347496032715
170,0.4524,0.21577999999999997,1.975803173318201,0.4619741220309296,0.2376918856011746,2.1910696029663086
171,0.46087999999999996,0.22233999999999998,2.0104270394967525,0.464529604649511,0.24028249244633992,2.2645442485809326
172,0.4558,0.22306000000000004,2.0093348926427415,0.46807715153449936,0.24224086321299254,2.17094087600708
173,0.47008000000000005,0.22826000000000002,2.050523054843046,0.46970535457126195,0.24395804762376805,2.133946180343628
174,0.49029999999999996,0.24672000000000005,2.1690431346698684,0.4722421042689985,0.24598822792032582,2.469839572906494
175,0.46484000000000003,0.22819999999999996,2.0497191767303313,0.4766583903581656,0.24848673123800413,2.602120876312256
176,0.48453999999999997,0.24551999999999996,2.1558528992594503,0.4782397610928162,0.24981130484940683,2.3047125339508057
177,0.49195999999999995,0.24480000000000002,2.163742812312379,0.479852353362208,0.2515050731091263,2.49796199798584
178,0.49068,0.25192000000000003,2.1929496015821184,0.48292923561097034,0.2535133983313651,2.0567808151245117
179,0.51092,0.26359999999999995,2.2817958496054827,0.4850140535933255,0.2550502783790092,2.4414963722229004
180,0.49368,0.24741999999999997,2.1701303355547847,0.48696071628445003,0.25610478571489903,2.605288505554199
181,0.5357000000000001,0.28364,2.405109317935243,0.4866445982451937,0.2561578623239593,2.3415346145629883
182,0.47230000000000005,0.23346,2.074351682954905,0.4845238754978859,0.2549511500062053,2.3176417350769043
183,0.49783999999999995,0.25261999999999996,2.209662374185056,0.482150258319173,0.2529194086329105,2.403174638748169
184,0.46386000000000005,0.22352000000000005,2.0255631840958888,0.4794090075688806,0.2510531413937449,2.589937210083008
185,0.47062000000000004,0.22921999999999998,2.057178635986484,0.4775911337085641,0.2494382075092474,2.522935390472412
186,0.46053999999999995,0.22438000000000002,2.017574264078724,0.47468050613229973,0.2475212052761272,2.1855716705322266
187,0.45172,0.21697999999999995,1.9813785504321664,0.47191896138442524,0.2451046584871449,2.2405831813812256
188,0.46248,0.22499999999999998,2.024373577565563,0.46936582038094954,0.24342025668784784,2.3771755695343018
189,0.44592,0.2117,1.9458338727756423,0.46787967532726027,0.24212534353444948,2.392000436782837
190,0.44286000000000003,0.21062000000000003,1.9267515211689228,0.46435632513169633,0.24007252762520426,2.0616989135742188
191,0.43784,0.20786000000000004,1.9121819175019557,0.46209900816989513,0.2384326165129136,1.971756935119629
192,0.44623999999999997,0.21508000000000005,1.9508193646158491,0.4592227242818462,0.23564063076866637,2.0940656661987305
193,0.42945999999999995,0.20140000000000002,1.8604936794358857,0.4564018586179631,0.23389222482314953,2.1377406120300293
194,0.42456000000000005,0.19838,1.8465736727325284,0.45374100331962963,0.23187297206375124,2.1026744842529297
195,0.42222000000000004,0.19701999999999997,1.8308080714576098,0.4506172887687554,0.22944627827597808,2.243753433227539
196,0.42123999999999995,0.19706,1.822822196143014,0.447800325796715,0.22793671707123275,2.1890692710876465
197,0.4175,0.19369999999999998,1.8135617022611656,0.4447289073165325,0.22522746839405017,2.1041011810302734
198,0.41259999999999997,0.19086000000000003,1.7874627916180357,0.44051868335665845,0.22272740399963475,2.011288642883301
199,0.41152,0.18901999999999997,1.7821292901525692,0.4383269316178141,0.22071829823902733,2.01165509223938
200,0.40712000000000004,0.1874,1.7641894926830215,0.4339090844519099,0.21769839529116808,2.2306387424468994
201,0.40728,0.18754000000000004,1.7650498090958109,0.4329193618006083,0.2168015567057222,2.3555333614349365
202,0.41064,0.18945999999999996,1.7762416467374684,0.43393874490991413,0.21785138081140087,2.306109666824341
203,0.41059999999999997,0.18862,1.7802335984852848,0.43541318188807543,0.21886217799865282,2.160414218902588
204,0.41108,0.19057999999999997,1.78221111273279,0.4370562151538402,0.21968174328561385,1.9488986730575562
205,0.41362,0.19116,1.7904480111842254,0.438586850894536,0.2209805591308549,2.274174690246582
206,0.41638,0.19047999999999998,1.7983384108056828,0.4403532092225292,0.22204989669574693,2.4437272548675537
207,0.42110000000000003,0.19552000000000003,1.8279047863824027,0.44213908100973565,0.2232886110866109,2.0327584743499756
208,0.42722000000000004,0.20011999999999996,1.8593157420353013,0.44347224054319223,0.224475029406783,2.557870388031006
209,0.42432000000000003,0.19808000000000003,1.8441481128030894,0.445365046086888,0.22582926347619003,2.0685980319976807
210,0.4255,0.19898000000000005,1.8460370618469861,0.44768558665654046,0.227317750144985,2.522136926651001
211,0.42596,0.20001999999999998,1.8515114297672195,0.4490538704165812,0.22829108149054733,2.132580280303955
212,0.43506,0.20645999999999998,1.897157798008043,0.4514430983626647,0.23048907753633996,2.3349967002868652
213,0.43479999999999996,0.20518000000000003,1.891644462030761,0.4528785084223993,0.23133049789761995,2.334301471710205
214,0.44201999999999997,0.20955999999999997,1.9235186065946306,0.4549976700929699,0.2322281170214343,2.259901762008667
215,0.45146,0.21726,1.9697060487708267,0.456103692961183,0.23345122064492763,2.3031234741210938
216,0.44572,0.21236,1.9407145806721278,0.458728643494564,0.23544549617653276,2.6771209239959717
217,0.44884,0.21387999999999996,1.957369169410394,0.46018356701351193,0.23650468674263392,2.0354790687561035
218,0.44632000000000005,0.21316000000000002,1.9441392737991956,0.4618250392025396,0.2374436743999806,2.2669429779052734
219,0.45706,0.22165999999999997,2.003099667782686,0.4628951573058001,0.23845525212560115,2.141531229019165
220,0.45698000000000005,0.22031999999999996,1.9963299814535647,0.46559035629234913,0.24046748003968255,2.200955390930176
221,0.45592,0.2237,2.0154205682326336,0.465166523958235,0.24016463115269127,2.1892504692077637
222,0.45072,0.21721999999999997,1.9634586864588213,0.463835706039884,0.23910466004822162,2.524050235748291
223,0.44704,0.21504,1.9578490549204302,0.4626953394834553,0.23791668065131244,2.4353044033050537
224,0.4355,0.20676000000000005,1.8943692591725563,0.45986979058936106,0.23633140722481927,2.3480331897735596
225,0.43586,0.20731999999999995,1.8959892720592266,0.45839925630304246,0.2351847963614423,2.479111433029175
226,0.43988000000000005,0.21089999999999998,1.9212219106907746,0.4572448400559802,0.23451899713308255,2.4049806594848633
227,0.43154000000000003,0.20423999999999998,1.8769792537299954,0.4550499661636618,0.23329199081774665,2.4138376712799072
228,0.42989999999999995,0.20079999999999998,1.8685237059787827,0.4533679059794703,0.2312040506819173,2.13944935798645
229,0.43433999999999995,0.20484000000000002,1.8898557594844274,0.45152817704483494,0.229932553679575,2.181771993637085
230,0.42576,0.19906000000000001,1.851825784663765,0.4500841810630464,0.22860954114490928,2.4041454792022705
231,0.42490000000000006,0.20054000000000005,1.8490697522552646,0.4479540918553163,0.2277556321697327,2.3243253231048584
232,0.42554000000000003,0.20004,1.848170095560502,0.44586459064274997,0.22610635459701978,2.0619301795959473
233,0.42632000000000003,0.19965999999999995,1.8519222444417525,0.4432536898000027,0.22441805010588,2.2981998920440674
234,0.42064,0.19657999999999998,1.829866193995184,0.4425988181088024,0.2239278720104405,2.1225104331970215
235,0.41312000000000004,0.19018000000000002,1.7885024742204316,0.439815418286609,0.22150976414472123,1.9124094247817993
236,0.41213999999999995,0.19018000000000002,1.7853791227146072,0.4379405651253896,0.22060043694537868,2.166832685470581
237,0.40946000000000005,0.18844000000000005,1.777658760547638,0.4361117637279137,0.21904716559199544,2.4074199199676514
238,0.4075,0.18711999999999995,1.7618316703913164,0.43368272832503496,0.217205875580623,2.2232160568237305
239,0.4062,0.18686000000000003,1.7543930374846166,0.43185782961940167,0.21571036406651123,2.4638357162475586
240,0.40459999999999996,0.18522000000000005,1.7492440780814813,0.4290845767959993,0.21397054404304827,1.9084588289260864
241,0.40576,0.18576000000000004,1.75218572665234,0.42826891420088087,0.21374496845454183,2.122835874557495
242,0.40522,0.18569999999999998,1.7522017907123177,0.42935854576335486,0.21378165375786295,2.399209499359131
243,0.40678000000000003,0.18732000000000004,1.758549652537521,0.4305145230871541,0.21514993751790357,1.986818790435791
244,0.4081,0.18722000000000005,1.7645155361720495,0.43117017531672297,0.2153880017203066,2.2647716999053955
245,0.40786,0.1885,1.7697870682696908,0.4321887778876602,0.2161217077867288,2.2639806270599365
246,0.40847999999999995,0.18769999999999998,1.7705685350359703,0.4334032955890996,0.21655334550452832,2.113436460494995
247,0.41378000000000004,0.19145999999999996,1.7912497131191953,0.43349305750148104,0.21756180107667467,2.1263844966888428
248,0.4115,0.18989999999999996,1.7804811329257733,0.43569807839259056,0.2186256748729869,2.4788708686828613
249,0.4135,0.19328,1.8005898010974029,0.4362265028680883,0.2190705817430515,2.3992152214050293
250,0.4152,0.19111999999999996,1.7970513737931544,0.4375893228595491,0.21977150519799526,2.039381504058838
251,0.41512000000000004,0.19201999999999997,1.8026372303768081,0.43810603925951885,0.22016021330552538,1.8557476997375488
252,0.41957999999999995,0.19542000000000004,1.8188554790555214,0.4395726708539949,0.22120301256588715,2.1836540699005127
253,0.42022000000000004,0.19643999999999995,1.8231946850309566,0.44066152187810015,0.2222583004401456,2.3607704639434814
254,0.4184,0.19404,1.8148214877868185,0.44228894437649424,0.22318245786849022,2.2352871894836426
255,0.42608,0.19908000000000003,1.8445599845477514,0.4425933543402226,0.22331358831440395,2.042398691177368
256,0.42200000000000004,0.19748,1.8312538643272556,0.4439710045606857,0.22451015363336713,1.9570674896240234
257,0.43579999999999997,0.2067,1.8999983692655757,0.4457092635074116,0.22601268999279567,2.14803409576416
258,0.42996,0.20167999999999997,1.8664852879485305,0.44655458656053426,0.2263475409528969,2.4669790267944336
259,0.43157999999999996,0.2026,1.878167979571284,0.4474639137598767,0.22698914349183208,2.692922353744507
260,0.42610000000000003,0.20228000000000002,1.8562129492662391,0.44881190352233546,0.22798979368029304,2.216034412384033
261,0.43616,0.20667999999999997,1.9018136372371597,0.44956590358633963,0.2281154603576271,1.9005705118179321
262,0.43289999999999995,0.20277999999999996,1.8765791593765726,0.44808600283959854,0.22762606280055608,2.468541145324707
263,0.4357,0.20677999999999996,1.895069673353312,0.44696046651217214,0.22647242709186233,2.010869264602661
264,0.4233,0.19730000000000003,1.8315950291497367,0.44592000886691585,0.22600878730095297,2.4561259746551514
265,0.42169999999999996,0.19843999999999995,1.8323553034237452,0.44517771687843977,0.22533986591911903,2.0751430988311768
266,0.42882,0.20062000000000002,1.8574451256771476,0.4436736194422741,0.22421198797658692,2.1984004974365234
267,0.43188000000000004,0.20426,1.879007721433834,0.44242553859098777,0.22360941235607845,2.4286391735076904
268,0.41769999999999996,0.19306,1.809023150375911,0.4416668552967724,0.22249246195070593,2.2361462116241455
269,0.41868000000000005,0.19499999999999995,1.8159186438638337,0.44066308295483725,0.22173768134833316,2.3661630153656006
270,0.41747999999999996,0.19426,1.8145557763625164,0.4389060910872665,0.22086425891394335,2.371960163116455
271,0.41674,0.19430000000000003,1.8107178004420534,0.43707650915142215,0.21954983230133152,2.279552459716797
272,0.41368000000000005,0.19318000000000002,1.7977149486541748,0.43636934138953,0.21893242645182087,2.5603177547454834
273,0.41132,0.19025999999999998,1.7828267265339286,0.435243024523735,0.2183766831334244,2.182147741317749
274,0.41537999999999997,0.19220000000000004,1.7998744979196666,0.4344390700041446,0.21694517576553252,2.159505844116211
275,0.40880000000000005,0.18791999999999998,1.7640917228192698,0.4319928627571581,0.2155261570115371,2.1590375900268555
276,0.40925999999999996,0.18766000000000005,1.7655557917088878,0.4311553450877208,0.21554723154748756,1.980344295501709
277,0.40559999999999996,0.18625999999999998,1.751911272807997,0.43020386881647743,0.2145497035125007,2.1298940181732178
278,0.40546000000000004,0.18642000000000003,1.7501247817156267,0.4284156554141654,0.2132696205881044,2.217907190322876
279,0.40442,0.18469999999999998,1.7433739365363607,0.4271847464069868,0.21226818986127494,2.0707454681396484
280,0.404,0.18488000000000004,1.7432945711272103,0.426086528922459,0.21126832021118247,2.064655303955078
281,0.40444,0.18506,1.7418788647165104,0.42573138396477583,0.21108255207947124,1.9914299249649048
282,0.40374,0.18472,1.7444743866823158,0.42566737981855607,0.21132842166555965,1.991558313369751
283,0.40503999999999996,0.18552000000000002,1.7487745941901693,0.4264877256438856,0.2119840738951284,2.428502082824707
284,0.40418,0.18522000000000005,1.7486073946466252,0.42721050417314843,0.21274197665097527,2.166975498199463
285,0.40513999999999994,0.18478000000000006,1.7500248174278104,0.42733929300395657,0.2126358234328546,2.0673844814300537
286,0.40458000000000005,0.18569999999999998,1.749945161293964,0.427998847925368,0.2131673700618264,2.421588897705078
287,0.4054,0.18732000000000004,1.7584158437592643,0.42843516887337874,0.2137035999210095,2.1143128871917725
288,0.4053,0.18666000000000005,1.7556928481374467,0.42945533252105306,0.2142952480043585,2.1591217517852783
289,0.40625999999999995,0.18764000000000003,1.7593634432675886,0.43029519180559594,0.21397834942673355,2.116551160812378
290,0.40544,0.18698000000000004,1.7553671026716426,0.43102343410343846,0.21506563937410195,2.144050359725952
291,0.40803999999999996,0.18832000000000004,1.7675682890171907,0.4311990552363587,0.21542078433178502,2.2503955364227295
292,0.41008,0.18828,1.774966760557525,0.4317001608689578,0.2159226705027526,2.107715368270874
293,0.40952,0.18928,1.7758651448755849,0.43310512993231953,0.21688663538789243,2.1841371059417725
294,0.41037999999999997,0.19057999999999997,1.7740014961787633,0.43374361031778064,0.21666496249122869,2.3276896476745605
295,0.41322000000000003,0.19106,1.7876759256635393,0.4342080306470585,0.21702010744891176,2.331820487976074
296,0.41257999999999995,0.19282,1.7989911059943997,0.4348870990276833,0.21758287561262502,1.825379729270935
297,0.41500000000000004,0.19166000000000005,1.7966458919096966,0.435538068027041,0.21854605995939635,2.255471706390381
298,0.41434000000000004,0.19279999999999997,1.7994039825030737,0.43618201218108177,0.21927508279560748,2.3891875743865967
299,0.41716,0.19154000000000004,1.800142054655114,0.4373005236631915,0.2192618136433424,2.28035306930542
300,0.41579999999999995,0.19438,1.8067053617263327,0.43741916549520865,0.21924151964576044,2.066657781600952
301,0.4154,0.19213999999999998,1.7989667362096358,0.43778055475984,0.21948738923184874,2.2150583267211914
302,0.4224,0.19579999999999997,1.82953891218925,0.43706870376773677,0.21912756104395448,1.9752113819122314
303,0.41484,0.19098000000000004,1.7947856893344802,0.4362272834064568,0.21893008483671528,2.3800048828125
304,0.41203999999999996,0.18979999999999997,1.7809205553969558,0.4358175007629762,0.21880988192796103,1.7270071506500244
305,0.41494,0.19284,1.800513441465339,0.43506584231407774,0.2178381116591358,2.479079484939575
306,0.41106,0.18911999999999995,1.7789165742543278,0.4346490348252804,0.21756570376851725,2.4079501628875732
307,0.41186,0.19166000000000005,1.7813186511701466,0.43328933698729366,0.21669930617944422,2.280573844909668
308,0.40937999999999997,0.18972,1.7773384500523002,0.4333150947534552,0.21664310741690973,2.014878988265991
309,0.41276,0.1904,1.7859446588827639,0.43195773853057406,0.2158633495867439,2.0894346237182617
310,0.41057999999999995,0.18955999999999995,1.7770442281450545,0.4314425832073414,0.21521316112575484,2.120290994644165
311,0.4101,0.18888000000000005,1.7711898173604692,0.430762734288348,0.2143990596073736,2.328317165374756
312,0.40666,0.18700000000000006,1.7557194804658696,0.4295888045820725,0.21379726452523362,1.9300366640090942
313,0.40590000000000004,0.18676000000000004,1.7541255525180273,0.4291431171736394,0.2136075937016798,1.749898910522461
314,0.40566,0.18618,1.7502437319074358,0.4281611999060232,0.21313927068055916,2.3467514514923096
315,0.40464,0.18535999999999997,1.7474520911975784,0.42794030754772794,0.2125335729065766,2.015174627304077
316,0.40437999999999996,0.1855,1.7442491261326536,0.4267218871544459,0.21215032856762628,2.409471273422241
317,0.40386,0.18503999999999998,1.742999515971359,0.4257961686493642,0.21123475706133543,2.2979543209075928
318,0.40293999999999996,0.18530000000000002,1.737622928862669,0.42548941707053023,0.21092176117555328,2.0714564323425293
319,0.40274,0.1845,1.737267164551482,0.42513583318958414,0.2105595913725533,2.159342050552368
320,0.40286,0.18489999999999995,1.7386354110678848,0.42391507118119653,0.20985476522576685,2.2336995601654053
321,0.40281999999999996,0.18520000000000003,1.7399263029195824,0.4234451870833389,0.20951679211219143,2.2334043979644775
322,0.40290000000000004,0.18400000000000005,1.7378046877530156,0.4239299014101987,0.210018678283159,2.3715696334838867
323,0.40264,0.18489999999999995,1.737924757052441,0.42380579580960176,0.209586260026991,2.5954554080963135
324,0.40318,0.18489999999999995,1.7405587483425529,0.42418982068692057,0.21025986463903612,2.3857178688049316
325,0.40334000000000003,0.18447999999999998,1.7399233822919884,0.42459179794671575,0.2108554154142278,2.182683229446411
326,0.40428,0.18432000000000004,1.7439085196475594,0.42459335902345285,0.21060252098282273,1.89402437210083
327,0.40334000000000003,0.18528,1.742416029073754,0.42533252885845485,0.21047373215201448,2.46769118309021
328,0.40308,0.18522000000000005,1.7466119576473624,0.4257134315822996,0.21097171563113937,1.9950612783432007
329,0.40591999999999995,0.1865,1.7543257596541424,0.42567362412550436,0.2111582643012191,2.176095485687256
330,0.40459999999999996,0.18569999999999998,1.7491642431337007,0.42714025571998027,0.2120902271132491,2.141207218170166
331,0.40469999999999995,0.18689999999999996,1.7501520648294566,0.4271308892595579,0.21251640106246883,1.9317675828933716
332,0.40525999999999995,0.18689999999999996,1.7513987592288427,0.42685067598525406,0.21200358735434177,2.28773832321167
333,0.40544,0.18574000000000002,1.7526706663929685,0.42778966364260085,0.21294803878026836,2.105985403060913
334,0.40456000000000003,0.18601999999999996,1.7520283448452851,0.42783103217613316,0.21267016712107012,2.4168243408203125
335,0.40906,0.18901999999999997,1.769424984649736,0.42866854984557046,0.21393385873972715,2.020883798599243
336,0.40664,0.18752000000000002,1.7596972171141176,0.4290541357996265,0.21318610298267127,2.18344783782959
337,0.40966,0.18728,1.763683482092254,0.4293921089132018,0.21353110094156347,2.1686460971832275
338,0.40642,0.18742000000000003,1.7587128865475556,0.4293780592225682,0.21397210511978537,2.136979103088379
339,0.40708,0.18901999999999997,1.7650382020035569,0.42971212964430083,0.21421016932218828,2.406031608581543
340,0.41042,0.18930000000000002,1.7752155320984977,0.43034514626118214,0.214545800820658,1.9961042404174805
341,0.41132,0.19133999999999995,1.7851806392475051,0.43029128911375336,0.2146457097318304,2.30851149559021
342,0.40742,0.18828,1.7671102005608228,0.4300313698370314,0.21450911551733698,2.1770050525665283
343,0.40956000000000004,0.18854000000000004,1.77139235759268,0.42975662033130735,0.21440998714453308,2.101762056350708
344,0.40728,0.18803999999999998,1.7620507880133025,0.4294756265186349,0.2138105336774987,2.064119815826416
345,0.40874,0.18930000000000002,1.7700583131945864,0.4284546823325921,0.21313380691197947,1.929730772972107
346,0.4071,0.18623999999999996,1.758931686683577,0.42851634486370627,0.21298550462195798,1.9448612928390503
347,0.4051,0.18666000000000005,1.7537495347918297,0.4282954525054111,0.21334767442495783,2.3507578372955322
348,0.40596,0.18664000000000003,1.7578115840347446,0.4279145497815663,0.21289808432468216,2.0428454875946045
349,0.40422,0.18567999999999996,1.7498352819559526,0.42686316459915064,0.2119372415930164,2.2708089351654053
350,0.40588,0.18677999999999995,1.7513665058174912,0.4269825869695364,0.2119450469767017,2.4309580326080322
351,0.40402000000000005,0.18547999999999998,1.7470750589759982,0.4261005786130926,0.2114462829592083,2.1797285079956055
352,0.40452,0.18510000000000004,1.7430060518031218,0.42635425358286627,0.2113541794317212,1.9869184494018555
353,0.40381999999999996,0.18552000000000002,1.745551310023483,0.42557449575270045,0.2111559226861135,2.373351573944092
354,0.40447999999999995,0.18469999999999998,1.746238498055205,0.425700942968403,0.21097952101482476,1.8302890062332153
355,0.40218,0.18508000000000002,1.739397953967659,0.42479083523069205,0.21045499923116973,1.769188642501831
356,0.40314000000000005,0.18376000000000003,1.7347930888740384,0.42414454946154556,0.2102263014891892,1.9543827772140503
357,0.40225999999999995,0.18406,1.7362698121946685,0.4239322430253043,0.21015449195928404,2.1737403869628906
358,0.40252,0.18447999999999998,1.7376145744810298,0.42308223674197043,0.20942156643123022,2.161224842071533
359,0.40222,0.18378000000000005,1.7355790284215187,0.4229066156090502,0.20952381695750832,2.2015109062194824
360,0.40190000000000003,0.18394,1.7345225835333065,0.42203007102118617,0.2086035622210063,2.4673638343811035
361,0.40171999999999997,0.18413999999999997,1.7330967650121571,0.42237819113355246,0.20887831172673044,2.258148670196533
362,0.40278,0.18428,1.7346047467114973,0.42209953893598573,0.2086012206059007,2.1663973331451416
363,0.40349999999999997,0.18428,1.7384011149406433,0.42208158655350947,0.2086066843744805,1.9556301832199097
364,0.40196,0.18430000000000002,1.737454460591686,0.42291988476131526,0.20897431794606014,2.3245458602905273
365,0.4021,0.18413999999999997,1.7341770882509193,0.4225475679595244,0.20932321859679492,2.089684247970581
366,0.40325999999999995,0.18488000000000004,1.7374793583033037,0.42301979367248765,0.20955425795388116,2.3044378757476807
367,0.40192000000000005,0.18435999999999997,1.7358489255515896,0.42278172947008474,0.2094847900390816,2.090827703475952
368,0.40214000000000005,0.18503999999999998,1.7394106813839503,0.42385418918845086,0.20940907781733376,1.9081937074661255
369,0.40203999999999995,0.18542000000000003,1.740926663486325,0.423232100108729,0.20983837392002758,1.7809183597564697
370,0.40393999999999997,0.18513999999999997,1.740166973094551,0.42365983513468575,0.2099172082952495,2.136829137802124
371,0.40246000000000004,0.18528,1.7386867659432548,0.42380501527123315,0.20950274242155786,2.3225433826446533
372,0.40142,0.18369999999999997,1.738091373930172,0.4242374335274012,0.2102661089459844,2.195800304412842
373,0.40318,0.18472,1.7415962377373053,0.42469482901136235,0.21037382324084208,2.152635335922241
374,0.40346000000000004,0.18376000000000003,1.740036953468712,0.4246807793207287,0.2104128501592688,2.2907657623291016
375,0.40366,0.18511999999999995,1.742141457236543,0.42532238185966387,0.21107240508068037,2.392923355102539
376,0.40480000000000005,0.18486000000000002,1.7441769619377292,0.42540433838836,0.21084761003054242,2.0044145584106445
377,0.40344,0.18606,1.7436411660544726,0.42537780008382986,0.21078594749942825,2.0969531536102295
378,0.40459999999999996,0.18576000000000004,1.7477784485233074,0.4252560360983385,0.21068447751151875,2.2481162548065186
379,0.4043,0.18576000000000004,1.7462750685458281,0.4256455247442371,0.21086946510486138,2.0552568435668945
380,0.40478000000000003,0.18547999999999998,1.7459155576569694,0.4262363922892176,0.2111535810710079,2.318384885787964
381,0.40408,0.1855,1.7459423882620675,0.42612477530251713,0.21142676949999495,2.073730945587158
382,0.40493999999999997,0.18586000000000003,1.742670544556209,0.42518188495332776,0.2110107425495661,2.551856279373169
383,0.40284,0.18525999999999998,1.742628786028648,0.42557995952128025,0.21109347961663083,2.3152518272399902
384,0.40369999999999995,0.18525999999999998,1.7423542154078582,0.4254113632336768,0.21080155826679892,2.2680327892303467
385,0.4042,0.18645999999999996,1.7468962304446163,0.42498831143793114,0.21098420424503594,2.2961859703063965
386,0.40391999999999995,0.18522000000000005,1.7424281251673797,0.42468390147420276,0.21045734084627532,2.0192699432373047
387,0.40418,0.18496,1.7417393776835228,0.4243591975128925,0.2099203304487237,2.1395070552825928
388,0.40332,0.18478000000000006,1.7419130449392357,0.4247650774645304,0.21002882528195,2.1435301303863525
389,0.40249999999999997,0.18413999999999997,1.7392860796986793,0.4245707234107653,0.2102770364831439,2.3801748752593994
390,0.40259999999999996,0.18478000000000006,1.7395804220316362,0.42434358674552186,0.2103105996329908,2.0517842769622803
391,0.40181999999999995,0.18508000000000002,1.735848745521234,0.423743352740119,0.20967133870916121,2.109541177749634
392,0.40198,0.18472,1.737643150650725,0.4232961042549488,0.20974002608559228,2.2556631565093994
393,0.40192000000000005,0.18478000000000006,1.7391531552587236,0.42350528853771596,0.2098820840686655,2.1149590015411377
394,0.40242,0.18411999999999995,1.7380051247927608,0.42269040648096623,0.20916476930798245,1.861263632774353
395,0.40252,0.18430000000000002,1.7350735360262346,0.42317434026945744,0.20932165752005794,2.4287338256835938
396,0.40280000000000005,0.18445999999999996,1.7332856813255622,0.4228925659184166,0.209142133695295,2.2224671840667725
397,0.40284,0.18478000000000006,1.735055421079908,0.4218599136568457,0.2083998417068189,2.18239426612854
398,0.40184,0.18430000000000002,1.7327387247766768,0.4218302531988414,0.20896807363911185,2.3816049098968506
399,0.40188,0.18455999999999995,1.733582929689057,0.42124719103754626,0.2082117319600021,1.8415451049804688
400,0.40174,0.18428,1.7318033040786276,0.42197699441212577,0.20868317713459683,2.0981173515319824
401,0.40225999999999995,0.18438,1.7335148344234543,0.42164448506713015,0.20799005906333834,2.0524637699127197
